domain	type	auto_value	value
cherrymx.de	DP1	True	True
cherrymx.de	DP2	False	False
cherrymx.de	DP3	False	False
cherrymx.de	DP4	False	False
cherrymx.de	DP5	False	False
cherrymx.de	DP6	False	False
cherrymx.de	DP7	False	False
cherrymx.de	DP8	False	False
cherrymx.de	time to reject cookies manually	2.5279048	2.5279048
cherrymx.de	number of clicks to reject cookies	0	0
cherrymx.de	DP10	unconfirmed	True
cherrymx.de	DP12	unconfirmed	False
cherrymx.de	DP13	unconfirmed	False
cherrymx.de	DP14	unconfirmed	False
cherrymx.de	DP15	unconfirmed	False
solventa.co	no cookie dialog	True	True
signaturetravelnetwork.com	no cookie dialog	True	True
pioneer.co.in	no cookie dialog	True	True
goldenchance.ir	no cookie dialog	True	True
philipkingsley.co.uk	DP1	True	True
philipkingsley.co.uk	DP2	False	False
philipkingsley.co.uk	DP3	False	False
philipkingsley.co.uk	DP4	False	False
philipkingsley.co.uk	DP5	False	False
philipkingsley.co.uk	DP6	False	False
philipkingsley.co.uk	DP7	False	False
philipkingsley.co.uk	DP8	False	False
philipkingsley.co.uk	time to reject cookies manually	7.114688	7.114688
philipkingsley.co.uk	number of clicks to reject cookies	0	0
philipkingsley.co.uk	DP10	unconfirmed	True
philipkingsley.co.uk	DP12	unconfirmed	False
philipkingsley.co.uk	DP13	unconfirmed	False
philipkingsley.co.uk	DP14	unconfirmed	False
philipkingsley.co.uk	DP15	unconfirmed	False
officialvancouvercanucks.com	no cookie dialog	True	True
angryip.com	no cookie dialog	True	True
hopster.com	no cookie dialog	True	True
nengyuanjie.net	no cookie dialog	True	True
closetorganization.biz	no cookie dialog	True	True
handlery.com	no cookie dialog	True	True
forum2go.nl	no cookie dialog	True	True
cptnacional.org.br	DP1	True	True
cptnacional.org.br	DP2	False	False
cptnacional.org.br	DP3	False	False
cptnacional.org.br	DP4	True	True
cptnacional.org.br	DP5	False	False
cptnacional.org.br	DP6	False	False
cptnacional.org.br	DP7	False	False
cptnacional.org.br	DP8	False	False
cptnacional.org.br	time to reject cookies manually	4.00921549999998	4.00921549999998
cptnacional.org.br	number of clicks to reject cookies	0	0
cptnacional.org.br	DP10	unconfirmed	True
cptnacional.org.br	DP12	unconfirmed	False
cptnacional.org.br	DP13	unconfirmed	False
cptnacional.org.br	DP14	unconfirmed	False
cptnacional.org.br	DP15	unconfirmed	False
ishanmishra.in	no cookie dialog	True	True
inrdeals.com	no cookie dialog	True	True
animalfactguide.com	no cookie dialog	True	True
theoklahomaeagle.net	no cookie dialog	True	True
studystore.nl	no cookie dialog	True	True
raceinstitute.in	no cookie dialog	True	True
bungeiweb.net	no cookie dialog	True	True
webstaqram.com	DP1	False	False
webstaqram.com	DP2	False	False
webstaqram.com	DP3	True	True
webstaqram.com	DP4	False	False
webstaqram.com	DP5	True	True
webstaqram.com	DP6	True	True
webstaqram.com	DP7	False	False
webstaqram.com	DP8	False	False
webstaqram.com	time to reject cookies manually	5.29588680000006	5.29588680000006
webstaqram.com	number of clicks to reject cookies	1	1
webstaqram.com	DP10	unconfirmed	False
webstaqram.com	DP12	unconfirmed	False
webstaqram.com	DP13	unconfirmed	False
webstaqram.com	DP14	unconfirmed	False
webstaqram.com	DP15	unconfirmed	False
rsfh.com	no cookie dialog	True	True
vesiletunnecat.com	no cookie dialog	True	True
themesquare.com	DP1	True	True
themesquare.com	DP2	False	False
themesquare.com	DP3	False	False
themesquare.com	DP4	False	False
themesquare.com	DP5	False	False
themesquare.com	DP6	False	False
themesquare.com	DP7	False	False
themesquare.com	DP8	False	False
themesquare.com	time to reject cookies manually	1.46768439999994	1.46768439999994
themesquare.com	number of clicks to reject cookies	0	0
themesquare.com	DP10	unconfirmed	True
themesquare.com	DP12	unconfirmed	False
themesquare.com	DP13	unconfirmed	False
themesquare.com	DP14	unconfirmed	False
themesquare.com	DP15	unconfirmed	False
letterpile.com	no cookie dialog	True	True
docpath.com	DP1	False	False
docpath.com	DP2	True	True
docpath.com	DP3	True	True
docpath.com	DP4	True	True
docpath.com	DP5	True	True
docpath.com	DP6	True	True
docpath.com	DP7	True	True
docpath.com	DP8	False	False
docpath.com	time to reject cookies manually	3.83954990000007	3.83954990000007
docpath.com	number of clicks to reject cookies	3	3
docpath.com	DP10	unconfirmed	True
docpath.com	DP12	unconfirmed	False
docpath.com	DP13	unconfirmed	False
docpath.com	DP14	unconfirmed	False
docpath.com	DP15	unconfirmed	False
zagopod.com	no cookie dialog	True	True
big3.com	no cookie dialog	True	True
studiobabelsberg.com	no cookie dialog	True	True
tmw.ee	no cookie dialog	True	True
profishintl.net	no cookie dialog	True	True
eyupsabrituncer.com	DP1	False	False
eyupsabrituncer.com	DP2	False	False
eyupsabrituncer.com	DP3	False	False
eyupsabrituncer.com	DP4	True	True
eyupsabrituncer.com	DP5	False	False
eyupsabrituncer.com	DP6	False	False
eyupsabrituncer.com	DP7	True	True
eyupsabrituncer.com	DP8	False	False
eyupsabrituncer.com	time to reject cookies manually	1.64217310000004	1.64217310000004
eyupsabrituncer.com	number of clicks to reject cookies	0	0
eyupsabrituncer.com	DP10	unconfirmed	True
eyupsabrituncer.com	DP12	unconfirmed	False
eyupsabrituncer.com	DP13	unconfirmed	False
eyupsabrituncer.com	DP14	unconfirmed	False
eyupsabrituncer.com	DP15	unconfirmed	False
puzzle.com.sa	no cookie dialog	True	True
filmyzilla.watch	no cookie dialog	True	True
rbx.gg	DP1	False	False
rbx.gg	DP2	True	True
rbx.gg	DP3	True	True
rbx.gg	DP4	False	False
rbx.gg	DP5	True	True
rbx.gg	DP6	False	False
rbx.gg	DP7	False	False
rbx.gg	DP8	False	False
rbx.gg	time to reject cookies manually	6.89468669999997	6.89468669999997
rbx.gg	number of clicks to reject cookies	2	2
rbx.gg	DP10	unconfirmed	True
rbx.gg	DP12	unconfirmed	False
rbx.gg	DP13	unconfirmed	False
rbx.gg	DP14	unconfirmed	False
rbx.gg	DP15	unconfirmed	False
sanctusonline.com	no cookie dialog	True	True
twinriver.com	no cookie dialog	True	True
healthy-magazine.co.uk	no cookie dialog	True	True
bakertilly.ua	no cookie dialog	True	True
originaltommys.com	no cookie dialog	True	True
ucne.edu	no cookie dialog	True	True
tusempleosmail.com	no cookie dialog	True	True
chalmersindustries.com	no cookie dialog	True	True
djicorp.com	no cookie dialog	True	True
ruhnatural.com	no cookie dialog	True	True
veygo.com	DP1	False	False
veygo.com	DP2	False	False
veygo.com	DP3	False	False
veygo.com	DP4	False	False
veygo.com	DP5	True	True
veygo.com	DP6	False	False
veygo.com	DP7	False	False
veygo.com	DP8	False	False
veygo.com	time to reject cookies manually	9.57054710000011	9.57054710000011
veygo.com	number of clicks to reject cookies	2	2
veygo.com	DP10	unconfirmed	True
veygo.com	DP12	unconfirmed	False
veygo.com	DP13	unconfirmed	False
veygo.com	DP14	unconfirmed	False
veygo.com	DP15	unconfirmed	False
bdbuynsell.com	no cookie dialog	True	True
circleline.com	DP1	True	True
circleline.com	DP2	False	False
circleline.com	DP3	False	False
circleline.com	DP4	False	False
circleline.com	DP5	False	False
circleline.com	DP6	False	False
circleline.com	DP7	False	False
circleline.com	DP8	False	False
circleline.com	time to reject cookies manually	6.56011839999997	6.56011839999997
circleline.com	number of clicks to reject cookies	0	0
circleline.com	DP10	unconfirmed	True
circleline.com	DP12	unconfirmed	False
circleline.com	DP13	unconfirmed	False
circleline.com	DP14	unconfirmed	False
circleline.com	DP15	unconfirmed	False
signeasy.com	DP1	True	True
signeasy.com	DP2	False	False
signeasy.com	DP3	False	False
signeasy.com	DP4	False	False
signeasy.com	DP5	False	False
signeasy.com	DP6	False	False
signeasy.com	DP7	False	False
signeasy.com	DP8	False	False
signeasy.com	time to reject cookies manually	1.29347989999997	1.29347989999997
signeasy.com	number of clicks to reject cookies	0	0
signeasy.com	DP10	unconfirmed	True
signeasy.com	DP12	unconfirmed	False
signeasy.com	DP13	unconfirmed	False
signeasy.com	DP14	unconfirmed	False
signeasy.com	DP15	unconfirmed	False
orderpickles.in	no cookie dialog	True	True
melaleuca.com.cn	no cookie dialog	True	True
wikishia.net	no cookie dialog	True	True
bbspharm.com	no cookie dialog	True	True
tustinca.org	no cookie dialog	True	True
daj.co.jp	no cookie dialog	True	True
spio.de	DP1	False	False
spio.de	DP2	True	True
spio.de	DP3	False	False
spio.de	DP4	True	True
spio.de	DP5	True	True
spio.de	DP6	True	True
spio.de	DP7	True	False
spio.de	DP8	False	False
spio.de	time to reject cookies manually	12.7465621000001	12.7465621000001
spio.de	number of clicks to reject cookies	1	1
spio.de	DP10	unconfirmed	False
spio.de	DP12	unconfirmed	False
spio.de	DP13	unconfirmed	False
spio.de	DP14	unconfirmed	False
spio.de	DP15	unconfirmed	False
knowfashionstyle.com	no cookie dialog	True	True
96225.com	no cookie dialog	True	True
grandsitedefrance.com	no cookie dialog	True	True
expoco.com	no cookie dialog	True	True
beunpackaged.com	no cookie dialog	True	True
net-a-porter.com	DP1	False	False
net-a-porter.com	DP2	True	True
net-a-porter.com	DP3	True	True
net-a-porter.com	DP4	False	False
net-a-porter.com	DP5	True	True
net-a-porter.com	DP6	False	False
net-a-porter.com	DP7	False	False
net-a-porter.com	DP8	False	False
net-a-porter.com	time to reject cookies manually	6.75124039999992	6.75124039999992
net-a-porter.com	number of clicks to reject cookies	1	1
net-a-porter.com	DP10	unconfirmed	False
net-a-porter.com	DP12	unconfirmed	False
net-a-porter.com	DP13	unconfirmed	False
net-a-porter.com	DP14	unconfirmed	False
net-a-porter.com	DP15	unconfirmed	False
infomaker.io	no cookie dialog	True	True
meqasa.com	no cookie dialog	True	True
selligent.com	DP1	False	False
selligent.com	DP2	False	False
selligent.com	DP3	False	False
selligent.com	DP4	False	False
selligent.com	DP5	True	True
selligent.com	DP6	False	False
selligent.com	DP7	False	False
selligent.com	DP8	False	False
selligent.com	time to reject cookies manually	9.93791020000026	9.93791020000026
selligent.com	number of clicks to reject cookies	2	2
selligent.com	DP10	unconfirmed	True
selligent.com	DP12	unconfirmed	False
selligent.com	DP13	unconfirmed	False
selligent.com	DP14	unconfirmed	False
selligent.com	DP15	unconfirmed	False
serverbox.ind.in	no cookie dialog	True	True
sbcusd.com	no cookie dialog	True	True
kuranvemeali.com	no cookie dialog	True	True
globaltalkdaily.com	no cookie dialog	True	True
coronaca.gov	no cookie dialog	True	True
vdforum.ru	no cookie dialog	True	True
equalityohio.org	no cookie dialog	True	True
espalda.org	no cookie dialog	True	True
careersarkarijobs.com	no cookie dialog	True	True
ilgeniodellostreaming.bet	no cookie dialog	True	True
qj888.cn	no cookie dialog	True	True
electric-skateboard.builders	no cookie dialog	True	True
cnvrg.io	no cookie dialog	True	True
yuanta.co.th	no cookie dialog	True	True
rutor-search.info	no cookie dialog	True	True
audi.it	DP1	False	False
audi.it	DP2	False	False
audi.it	DP3	False	False
audi.it	DP4	True	True
audi.it	DP5	True	True
audi.it	DP6	True	True
audi.it	DP7	False	False
audi.it	DP8	False	False
audi.it	time to reject cookies manually	3.48670960000027	3.48670960000027
audi.it	number of clicks to reject cookies	0	0
audi.it	DP10	unconfirmed	False
audi.it	DP12	unconfirmed	False
audi.it	DP13	unconfirmed	False
audi.it	DP14	unconfirmed	False
audi.it	DP15	unconfirmed	False
ignorethecode.net	no cookie dialog	True	True
jonesreport.com	no cookie dialog	True	True
actualauction.com	no cookie dialog	True	True
vertexsmb.com	DP1	True	True
vertexsmb.com	DP2	False	False
vertexsmb.com	DP3	False	False
vertexsmb.com	DP4	True	True
vertexsmb.com	DP5	False	False
vertexsmb.com	DP6	False	False
vertexsmb.com	DP7	False	False
vertexsmb.com	DP8	True	True
vertexsmb.com	time to reject cookies manually	5.42483979999997	5.42483979999997
vertexsmb.com	number of clicks to reject cookies	1	1
vertexsmb.com	DP10	unconfirmed	True
vertexsmb.com	DP12	unconfirmed	False
vertexsmb.com	DP13	unconfirmed	False
vertexsmb.com	DP14	unconfirmed	False
vertexsmb.com	DP15	unconfirmed	False
lsfoods.com	no cookie dialog	True	True
myhoteltrip.com	no cookie dialog	True	True
dailycivil.com	DP1	False	False
dailycivil.com	DP2	True	True
dailycivil.com	DP3	True	True
dailycivil.com	DP4	True	True
dailycivil.com	DP5	True	True
dailycivil.com	DP6	False	False
dailycivil.com	DP7	False	False
dailycivil.com	DP8	False	False
dailycivil.com	time to reject cookies manually	8.50620040000013	8.50620040000013
dailycivil.com	number of clicks to reject cookies	2	2
dailycivil.com	DP10	unconfirmed	True
dailycivil.com	DP12	unconfirmed	False
dailycivil.com	DP13	unconfirmed	False
dailycivil.com	DP14	unconfirmed	False
dailycivil.com	DP15	unconfirmed	False
i3investor.com	DP1	True	True
i3investor.com	DP2	False	False
i3investor.com	DP3	False	False
i3investor.com	DP4	False	False
i3investor.com	DP5	False	False
i3investor.com	DP6	False	False
i3investor.com	DP7	False	False
i3investor.com	DP8	False	False
i3investor.com	time to reject cookies manually	3.56574899999987	3.56574899999987
i3investor.com	number of clicks to reject cookies	0	0
i3investor.com	DP10	unconfirmed	True
i3investor.com	DP12	unconfirmed	False
i3investor.com	DP13	unconfirmed	False
i3investor.com	DP14	unconfirmed	False
i3investor.com	DP15	unconfirmed	False
rmutp.ac.th	DP1	True	True
rmutp.ac.th	DP2	False	False
rmutp.ac.th	DP3	False	False
rmutp.ac.th	DP4	True	True
rmutp.ac.th	DP5	False	False
rmutp.ac.th	DP6	False	False
rmutp.ac.th	DP7	False	False
rmutp.ac.th	DP8	False	False
rmutp.ac.th	time to reject cookies manually	3.08676149999974	3.08676149999974
rmutp.ac.th	number of clicks to reject cookies	0	0
rmutp.ac.th	DP10	unconfirmed	True
rmutp.ac.th	DP12	unconfirmed	False
rmutp.ac.th	DP13	unconfirmed	False
rmutp.ac.th	DP14	unconfirmed	False
rmutp.ac.th	DP15	unconfirmed	False
realmeservice.com	no cookie dialog	True	True
artlosangelesfair.com	no cookie dialog	True	True
nooka.com	no cookie dialog	True	True
zszywka.pl	DP1	False	False
zszywka.pl	DP2	True	True
zszywka.pl	DP3	True	True
zszywka.pl	DP4	False	False
zszywka.pl	DP5	True	True
zszywka.pl	DP6	False	False
zszywka.pl	DP7	True	True
zszywka.pl	DP8	False	False
zszywka.pl	time to reject cookies manually	39.4005941999994	39.4005941999994
zszywka.pl	number of clicks to reject cookies	5	5
zszywka.pl	DP10	unconfirmed	True
zszywka.pl	DP12	unconfirmed	True
zszywka.pl	DP13	unconfirmed	False
zszywka.pl	DP14	unconfirmed	True
zszywka.pl	DP15	unconfirmed	False
intaldom.ru	no cookie dialog	True	True
quadrantresource.com	no cookie dialog	True	True
followcj.com	no cookie dialog	True	True
carid.com	DP1	False	False
carid.com	DP2	False	False
carid.com	DP3	False	False
carid.com	DP4	False	False
carid.com	DP5	False	False
carid.com	DP6	True	True
carid.com	DP7	False	False
carid.com	DP8	False	False
carid.com	time to reject cookies manually	2.04925089999961	2.04925089999961
carid.com	number of clicks to reject cookies	0	0
carid.com	DP10	unconfirmed	True
carid.com	DP12	unconfirmed	False
carid.com	DP13	unconfirmed	False
carid.com	DP14	unconfirmed	False
carid.com	DP15	unconfirmed	False
atsacoustics.com	no cookie dialog	True	True
frenchbulldogpuppyzone.com	no cookie dialog	True	True
alvyray.com	no cookie dialog	True	True
sastodeal.com	no cookie dialog	True	True
cleansimpleeats.com	no cookie dialog	True	True
wcoop.ne.jp	no cookie dialog	True	True
soanimesitehd.com	DP1	True	True
soanimesitehd.com	DP2	False	False
soanimesitehd.com	DP3	False	False
soanimesitehd.com	DP4	True	True
soanimesitehd.com	DP5	False	False
soanimesitehd.com	DP6	False	False
soanimesitehd.com	DP7	False	False
soanimesitehd.com	DP8	False	False
soanimesitehd.com	time to reject cookies manually	1.66127700000015	1.66127700000015
soanimesitehd.com	number of clicks to reject cookies	0	0
soanimesitehd.com	DP10	unconfirmed	True
soanimesitehd.com	DP12	unconfirmed	False
soanimesitehd.com	DP13	unconfirmed	False
soanimesitehd.com	DP14	unconfirmed	False
soanimesitehd.com	DP15	unconfirmed	False
develz.org	no cookie dialog	True	True
dutchwatersector.com	DP1	False	False
dutchwatersector.com	DP2	False	False
dutchwatersector.com	DP3	False	False
dutchwatersector.com	DP4	False	False
dutchwatersector.com	DP5	False	False
dutchwatersector.com	DP6	False	False
dutchwatersector.com	DP7	False	False
dutchwatersector.com	DP8	False	False
dutchwatersector.com	time to reject cookies manually	4.53193310000006	4.53193310000006
dutchwatersector.com	number of clicks to reject cookies	1	1
dutchwatersector.com	DP10	unconfirmed	False
dutchwatersector.com	DP12	unconfirmed	False
dutchwatersector.com	DP13	unconfirmed	False
dutchwatersector.com	DP14	unconfirmed	False
dutchwatersector.com	DP15	unconfirmed	False
paladcoin.com	no cookie dialog	True	True
santacruzfincaraiz.com	no cookie dialog	True	True
virginradio.fr	DP1	False	False
virginradio.fr	DP2	True	True
virginradio.fr	DP3	True	True
virginradio.fr	DP4	True	True
virginradio.fr	DP5	True	True
virginradio.fr	DP6	False	False
virginradio.fr	DP7	False	False
virginradio.fr	DP8	False	False
virginradio.fr	time to reject cookies manually	9.9530750999993	9.9530750999993
virginradio.fr	number of clicks to reject cookies	2	2
virginradio.fr	DP10	unconfirmed	True
virginradio.fr	DP12	unconfirmed	False
virginradio.fr	DP13	unconfirmed	False
virginradio.fr	DP14	unconfirmed	False
virginradio.fr	DP15	unconfirmed	False
btconnect.com	no cookie dialog	True	True
hiddencam.tv	no cookie dialog	True	True
penelope-jolicoeur.com	no cookie dialog	True	True
njjixiang.com	no cookie dialog	True	True
nalo.fr	DP1	False	False
nalo.fr	DP2	False	False
nalo.fr	DP3	False	False
nalo.fr	DP4	True	True
nalo.fr	DP5	False	False
nalo.fr	DP6	False	False
nalo.fr	DP7	False	False
nalo.fr	DP8	False	False
nalo.fr	time to reject cookies manually	0.695146000000023	0.695146000000023
nalo.fr	number of clicks to reject cookies	0	0
nalo.fr	DP10	unconfirmed	True
nalo.fr	DP12	unconfirmed	False
nalo.fr	DP13	unconfirmed	False
nalo.fr	DP14	unconfirmed	False
nalo.fr	DP15	unconfirmed	False
danielbarbara.com	no cookie dialog	True	True
monetizd.com	no cookie dialog	True	True
24antibiotics.com	no cookie dialog	True	True
sleepfreaks-dtm.com	no cookie dialog	True	True
famousinreal.life	no cookie dialog	True	True
tempstar.com	DP1	False	False
tempstar.com	DP2	False	False
tempstar.com	DP3	False	False
tempstar.com	DP4	True	True
tempstar.com	DP5	True	True
tempstar.com	DP6	False	False
tempstar.com	DP7	False	False
tempstar.com	DP8	False	False
tempstar.com	time to reject cookies manually	7.01547780000055	7.01547780000055
tempstar.com	number of clicks to reject cookies	2	2
tempstar.com	DP10	unconfirmed	True
tempstar.com	DP12	unconfirmed	False
tempstar.com	DP13	unconfirmed	False
tempstar.com	DP14	unconfirmed	False
tempstar.com	DP15	unconfirmed	False
recrutainment.de	no cookie dialog	True	True
theunlikelybaker.com	no cookie dialog	True	True
ray.io	DP1	True	True
ray.io	DP2	False	False
ray.io	DP3	False	False
ray.io	DP4	False	False
ray.io	DP5	False	False
ray.io	DP6	False	False
ray.io	DP7	False	False
ray.io	DP8	False	False
ray.io	time to reject cookies manually	2.14142900000024	2.14142900000024
ray.io	number of clicks to reject cookies	0	0
ray.io	DP10	unconfirmed	True
ray.io	DP12	unconfirmed	False
ray.io	DP13	unconfirmed	False
ray.io	DP14	unconfirmed	False
ray.io	DP15	unconfirmed	False
shroudeddslbusbar.com	no cookie dialog	True	True
knihovna.cz	no cookie dialog	True	True
kuraferma.ru	no cookie dialog	True	True
reca-niger.org	no cookie dialog	True	True
athome.co.jp	no cookie dialog	True	True
ustrendingtoday.com	no cookie dialog	True	True
nxmu.edu.cn	no cookie dialog	True	True
pretty-petals.com	no cookie dialog	True	True
selloff.us	no cookie dialog	True	True
cghearth.com	no cookie dialog	True	True
drogon.tv	no cookie dialog	True	True
winmd5.com	no cookie dialog	True	True
huobi.com	no cookie dialog	True	True
fooddive.com	DP1	True	True
fooddive.com	DP2	False	False
fooddive.com	DP3	False	False
fooddive.com	DP4	False	False
fooddive.com	DP5	False	False
fooddive.com	DP6	False	False
fooddive.com	DP7	False	False
fooddive.com	DP8	False	False
fooddive.com	time to reject cookies manually	3.1461889000002	3.1461889000002
fooddive.com	number of clicks to reject cookies	0	0
fooddive.com	DP10	unconfirmed	True
fooddive.com	DP12	unconfirmed	False
fooddive.com	DP13	unconfirmed	False
fooddive.com	DP14	unconfirmed	False
fooddive.com	DP15	unconfirmed	False
bnr.de	no cookie dialog	True	True
hommelhof.nl	no cookie dialog	True	True
physiciansmutual.com	no cookie dialog	True	True
cau-edu.net.cn	no cookie dialog	True	True
chronometre-en-ligne.com	DP1	True	True
chronometre-en-ligne.com	DP2	False	False
chronometre-en-ligne.com	DP3	False	False
chronometre-en-ligne.com	DP4	True	True
chronometre-en-ligne.com	DP5	False	False
chronometre-en-ligne.com	DP6	False	False
chronometre-en-ligne.com	DP7	False	False
chronometre-en-ligne.com	DP8	False	False
chronometre-en-ligne.com	time to reject cookies manually	3.22446969999964	3.22446969999964
chronometre-en-ligne.com	number of clicks to reject cookies	0	0
chronometre-en-ligne.com	DP10	unconfirmed	True
chronometre-en-ligne.com	DP12	unconfirmed	False
chronometre-en-ligne.com	DP13	unconfirmed	False
chronometre-en-ligne.com	DP14	unconfirmed	False
chronometre-en-ligne.com	DP15	unconfirmed	False
hofstede-insights.com	DP1	False	False
hofstede-insights.com	DP2	True	True
hofstede-insights.com	DP3	False	False
hofstede-insights.com	DP4	False	False
hofstede-insights.com	DP5	True	True
hofstede-insights.com	DP6	False	False
hofstede-insights.com	DP7	False	False
hofstede-insights.com	DP8	False	False
hofstede-insights.com	time to reject cookies manually	4.94554299999982	4.94554299999982
hofstede-insights.com	number of clicks to reject cookies	1	1
hofstede-insights.com	DP10	unconfirmed	False
hofstede-insights.com	DP12	unconfirmed	False
hofstede-insights.com	DP13	unconfirmed	False
hofstede-insights.com	DP14	unconfirmed	False
hofstede-insights.com	DP15	unconfirmed	False
bitcentral.com	DP1	False	False
bitcentral.com	DP2	True	True
bitcentral.com	DP3	False	False
bitcentral.com	DP4	False	False
bitcentral.com	DP5	True	True
bitcentral.com	DP6	False	False
bitcentral.com	DP7	False	False
bitcentral.com	DP8	False	False
bitcentral.com	time to reject cookies manually	8.5394284999993	8.5394284999993
bitcentral.com	number of clicks to reject cookies	2	2
bitcentral.com	DP10	unconfirmed	True
bitcentral.com	DP12	unconfirmed	False
bitcentral.com	DP13	unconfirmed	False
bitcentral.com	DP14	unconfirmed	False
bitcentral.com	DP15	unconfirmed	False
e-bikeinfo.nl	no cookie dialog	True	True
br-succeed.jp	no cookie dialog	True	True
90tiyu.com	no cookie dialog	True	True
hurstathletics.com	no cookie dialog	True	True
climatedepot.com	no cookie dialog	True	True
schbang.com	no cookie dialog	True	True
theiphoneblog.com	DP1	False	False
theiphoneblog.com	DP2	False	False
theiphoneblog.com	DP3	False	False
theiphoneblog.com	DP4	True	True
theiphoneblog.com	DP5	False	False
theiphoneblog.com	DP6	False	False
theiphoneblog.com	DP7	False	False
theiphoneblog.com	DP8	False	False
theiphoneblog.com	time to reject cookies manually	9.68628100000024	9.68628100000024
theiphoneblog.com	number of clicks to reject cookies	3	3
theiphoneblog.com	DP10	unconfirmed	True
theiphoneblog.com	DP12	unconfirmed	False
theiphoneblog.com	DP13	unconfirmed	False
theiphoneblog.com	DP14	unconfirmed	False
theiphoneblog.com	DP15	unconfirmed	False
sg560.com	no cookie dialog	True	True
nolvadex.com	no cookie dialog	True	True
clikeo.fr	DP1	False	False
clikeo.fr	DP2	True	True
clikeo.fr	DP3	False	False
clikeo.fr	DP4	True	True
clikeo.fr	DP5	False	False
clikeo.fr	DP6	True	True
clikeo.fr	DP7	False	False
clikeo.fr	DP8	False	False
clikeo.fr	time to reject cookies manually	12.7243842000007	12.7243842000007
clikeo.fr	number of clicks to reject cookies	5	5
clikeo.fr	DP10	unconfirmed	True
clikeo.fr	DP12	unconfirmed	False
clikeo.fr	DP13	unconfirmed	False
clikeo.fr	DP14	unconfirmed	False
clikeo.fr	DP15	unconfirmed	False
cphoto.net	no cookie dialog	True	True
showbizpizza.com	no cookie dialog	True	True
topsdemo.in	no cookie dialog	True	True
nychhc.org	no cookie dialog	True	True
yerdle.com	no cookie dialog	True	True
lawyer02.com	no cookie dialog	True	True
neighborhoodondemand.com	no cookie dialog	True	True
vedabase.com	no cookie dialog	True	True
endojournals.org	no cookie dialog	True	True
ahgbjy.gov.cn	no cookie dialog	True	True
smithtownny.gov	no cookie dialog	True	True
kisistechnologies.com	no cookie dialog	True	True
castellodivezio.it	no cookie dialog	True	True
torn.com	no cookie dialog	True	True
nike-jordans.com	no cookie dialog	True	True
minnesotanonprofits.org	DP1	False	False
minnesotanonprofits.org	DP2	False	False
minnesotanonprofits.org	DP3	False	False
minnesotanonprofits.org	DP4	False	False
minnesotanonprofits.org	DP5	False	False
minnesotanonprofits.org	DP6	False	False
minnesotanonprofits.org	DP7	False	False
minnesotanonprofits.org	DP8	False	False
minnesotanonprofits.org	time to reject cookies manually	4.30963410000004	4.30963410000004
minnesotanonprofits.org	number of clicks to reject cookies	1	1
minnesotanonprofits.org	DP10	unconfirmed	False
minnesotanonprofits.org	DP12	unconfirmed	False
minnesotanonprofits.org	DP13	unconfirmed	False
minnesotanonprofits.org	DP14	unconfirmed	False
minnesotanonprofits.org	DP15	unconfirmed	False
digiflight.org	no cookie dialog	True	True
emanway.com	no cookie dialog	True	True
asblog.ir	no cookie dialog	True	True
prombo.de	DP1	False	False
prombo.de	DP2	False	False
prombo.de	DP3	False	False
prombo.de	DP4	True	True
prombo.de	DP5	False	False
prombo.de	DP6	False	False
prombo.de	DP7	False	False
prombo.de	DP8	False	False
prombo.de	time to reject cookies manually	10.2840185000005	10.2840185000005
prombo.de	number of clicks to reject cookies	1	1
prombo.de	DP10	unconfirmed	True
prombo.de	DP12	unconfirmed	False
prombo.de	DP13	unconfirmed	False
prombo.de	DP14	unconfirmed	False
prombo.de	DP15	unconfirmed	False
harrishealth.org	no cookie dialog	True	True
vechain.com	no cookie dialog	True	True
mainlybedding.com	no cookie dialog	True	True
studentloansherpa.com	no cookie dialog	True	True
everydaydiabeticrecipes.com	DP1	False	False
everydaydiabeticrecipes.com	DP2	False	False
everydaydiabeticrecipes.com	DP3	False	False
everydaydiabeticrecipes.com	DP4	True	True
everydaydiabeticrecipes.com	DP5	True	True
everydaydiabeticrecipes.com	DP6	False	False
everydaydiabeticrecipes.com	DP7	False	False
everydaydiabeticrecipes.com	DP8	False	False
everydaydiabeticrecipes.com	time to reject cookies manually	9.2803913000007	9.2803913000007
everydaydiabeticrecipes.com	number of clicks to reject cookies	2	2
everydaydiabeticrecipes.com	DP10	unconfirmed	True
everydaydiabeticrecipes.com	DP12	unconfirmed	False
everydaydiabeticrecipes.com	DP13	unconfirmed	False
everydaydiabeticrecipes.com	DP14	unconfirmed	False
everydaydiabeticrecipes.com	DP15	unconfirmed	False
chile.gob.cl	no cookie dialog	True	True
golf-alcanada.com	DP1	True	True
golf-alcanada.com	DP2	False	False
golf-alcanada.com	DP3	False	False
golf-alcanada.com	DP4	False	False
golf-alcanada.com	DP5	False	False
golf-alcanada.com	DP6	False	False
golf-alcanada.com	DP7	False	False
golf-alcanada.com	DP8	False	False
golf-alcanada.com	time to reject cookies manually	3.18295810000018	3.18295810000018
golf-alcanada.com	number of clicks to reject cookies	0	0
golf-alcanada.com	DP10	unconfirmed	True
golf-alcanada.com	DP12	unconfirmed	False
golf-alcanada.com	DP13	unconfirmed	False
golf-alcanada.com	DP14	unconfirmed	False
golf-alcanada.com	DP15	unconfirmed	False
mosrif.ru	no cookie dialog	True	True
webcontadores.com	no cookie dialog	True	True
venteclife.com	DP1	True	True
venteclife.com	DP2	False	False
venteclife.com	DP3	False	False
venteclife.com	DP4	False	False
venteclife.com	DP5	False	False
venteclife.com	DP6	False	False
venteclife.com	DP7	False	False
venteclife.com	DP8	False	False
venteclife.com	time to reject cookies manually	2.47878429999946	2.47878429999946
venteclife.com	number of clicks to reject cookies	0	0
venteclife.com	DP10	unconfirmed	True
venteclife.com	DP12	unconfirmed	False
venteclife.com	DP13	unconfirmed	False
venteclife.com	DP14	unconfirmed	False
venteclife.com	DP15	unconfirmed	False
amazonseoconsultant.com	DP1	True	True
amazonseoconsultant.com	DP2	False	False
amazonseoconsultant.com	DP3	False	False
amazonseoconsultant.com	DP4	False	False
amazonseoconsultant.com	DP5	False	False
amazonseoconsultant.com	DP6	False	False
amazonseoconsultant.com	DP7	False	False
amazonseoconsultant.com	DP8	False	False
amazonseoconsultant.com	time to reject cookies manually	21.7977925000014	21.7977925000014
amazonseoconsultant.com	number of clicks to reject cookies	2	2
amazonseoconsultant.com	DP10	unconfirmed	True
amazonseoconsultant.com	DP12	unconfirmed	False
amazonseoconsultant.com	DP13	unconfirmed	False
amazonseoconsultant.com	DP14	unconfirmed	False
amazonseoconsultant.com	DP15	unconfirmed	False
vietq.vn	no cookie dialog	True	True
hatchresources.com	no cookie dialog	True	True
ezecom.com.kh	DP1	False	False
ezecom.com.kh	DP2	False	False
ezecom.com.kh	DP3	False	False
ezecom.com.kh	DP4	False	False
ezecom.com.kh	DP5	False	False
ezecom.com.kh	DP6	False	False
ezecom.com.kh	DP7	False	False
ezecom.com.kh	DP8	False	False
ezecom.com.kh	time to reject cookies manually	4.20602919999874	4.20602919999874
ezecom.com.kh	number of clicks to reject cookies	1	1
ezecom.com.kh	DP10	unconfirmed	False
ezecom.com.kh	DP12	unconfirmed	False
ezecom.com.kh	DP13	unconfirmed	False
ezecom.com.kh	DP14	unconfirmed	False
ezecom.com.kh	DP15	unconfirmed	False
colabearnsk.ru	no cookie dialog	True	True
kissme.com.tw	no cookie dialog	True	True
roaddistance.in	no cookie dialog	True	True
ag.gov	no cookie dialog	True	True
albumrain.ru	no cookie dialog	True	True
weed420.info	no cookie dialog	True	True
equso.com	no cookie dialog	True	True
onlinegamesracing.com	DP1	True	True
onlinegamesracing.com	DP2	False	False
onlinegamesracing.com	DP3	False	False
onlinegamesracing.com	DP4	False	False
onlinegamesracing.com	DP5	False	False
onlinegamesracing.com	DP6	False	False
onlinegamesracing.com	DP7	False	False
onlinegamesracing.com	DP8	False	False
onlinegamesracing.com	time to reject cookies manually	2.96214200000031	2.96214200000031
onlinegamesracing.com	number of clicks to reject cookies	0	0
onlinegamesracing.com	DP10	unconfirmed	True
onlinegamesracing.com	DP12	unconfirmed	False
onlinegamesracing.com	DP13	unconfirmed	False
onlinegamesracing.com	DP14	unconfirmed	False
onlinegamesracing.com	DP15	unconfirmed	False
selcoop.ru	no cookie dialog	True	True
customerservicesolutions.us	no cookie dialog	True	True
viirfv.com	no cookie dialog	True	True
immig-us.com	no cookie dialog	True	True
congreso.es	DP1	True	True
congreso.es	DP2	False	False
congreso.es	DP3	False	False
congreso.es	DP4	True	True
congreso.es	DP5	False	False
congreso.es	DP6	False	False
congreso.es	DP7	False	False
congreso.es	DP8	False	False
congreso.es	time to reject cookies manually	13.4919525000005	13.4919525000005
congreso.es	number of clicks to reject cookies	2	2
congreso.es	DP10	unconfirmed	True
congreso.es	DP12	unconfirmed	False
congreso.es	DP13	unconfirmed	False
congreso.es	DP14	unconfirmed	False
congreso.es	DP15	unconfirmed	False
cosyclub.co.uk	no cookie dialog	True	True
badeparadies-schwarzwald.de	DP1	False	False
badeparadies-schwarzwald.de	DP2	False	False
badeparadies-schwarzwald.de	DP3	False	False
badeparadies-schwarzwald.de	DP4	True	True
badeparadies-schwarzwald.de	DP5	False	False
badeparadies-schwarzwald.de	DP6	False	False
badeparadies-schwarzwald.de	DP7	False	False
badeparadies-schwarzwald.de	DP8	False	False
badeparadies-schwarzwald.de	time to reject cookies manually	5.95235739999953	5.95235739999953
badeparadies-schwarzwald.de	number of clicks to reject cookies	1	1
badeparadies-schwarzwald.de	DP10	unconfirmed	False
badeparadies-schwarzwald.de	DP12	unconfirmed	False
badeparadies-schwarzwald.de	DP13	unconfirmed	False
badeparadies-schwarzwald.de	DP14	unconfirmed	False
badeparadies-schwarzwald.de	DP15	unconfirmed	False
rockvilleaudio.com	no cookie dialog	True	True
eyeofthepsychic.com	no cookie dialog	True	True
reflector.com	no cookie dialog	True	True
mobogift.com	no cookie dialog	True	True
zgjtb.com	no cookie dialog	True	True
naija247news.com	no cookie dialog	True	True
danzig-verotik.com	no cookie dialog	True	True
nhk-ed.co.jp	no cookie dialog	True	True
navicamls.net	no cookie dialog	True	True
symmetry.fi	no cookie dialog	True	True
free-spider-solitaire.net	no cookie dialog	True	True
moboiran.com	no cookie dialog	True	True
schnell-viel-abnehmen-de.eu	no cookie dialog	True	True
pizzeriagelosa.com	no cookie dialog	True	True
acteol.com	DP1	True	True
acteol.com	DP2	False	False
acteol.com	DP3	False	False
acteol.com	DP4	False	False
acteol.com	DP5	False	False
acteol.com	DP6	False	False
acteol.com	DP7	False	False
acteol.com	DP8	False	False
acteol.com	time to reject cookies manually	3.51510939999935	3.51510939999935
acteol.com	number of clicks to reject cookies	0	0
acteol.com	DP10	unconfirmed	True
acteol.com	DP12	unconfirmed	False
acteol.com	DP13	unconfirmed	False
acteol.com	DP14	unconfirmed	False
acteol.com	DP15	unconfirmed	False
louloumagazine.com	no cookie dialog	True	True
beautyandfashiontech.com	no cookie dialog	True	True
millbrook.co.uk	DP1	False	False
millbrook.co.uk	DP2	False	False
millbrook.co.uk	DP3	False	False
millbrook.co.uk	DP4	True	True
millbrook.co.uk	DP5	True	True
millbrook.co.uk	DP6	True	True
millbrook.co.uk	DP7	False	False
millbrook.co.uk	DP8	False	False
millbrook.co.uk	time to reject cookies manually	8.58657630000016	8.58657630000016
millbrook.co.uk	number of clicks to reject cookies	1	1
millbrook.co.uk	DP10	unconfirmed	False
millbrook.co.uk	DP12	unconfirmed	False
millbrook.co.uk	DP13	unconfirmed	False
millbrook.co.uk	DP14	unconfirmed	False
millbrook.co.uk	DP15	unconfirmed	False
jtechdigital.com	DP1	True	True
jtechdigital.com	DP2	False	False
jtechdigital.com	DP3	False	False
jtechdigital.com	DP4	False	False
jtechdigital.com	DP5	False	False
jtechdigital.com	DP6	False	False
jtechdigital.com	DP7	False	False
jtechdigital.com	DP8	False	False
jtechdigital.com	time to reject cookies manually	3.64557000000059	3.64557000000059
jtechdigital.com	number of clicks to reject cookies	0	0
jtechdigital.com	DP10	unconfirmed	True
jtechdigital.com	DP12	unconfirmed	False
jtechdigital.com	DP13	unconfirmed	False
jtechdigital.com	DP14	unconfirmed	False
jtechdigital.com	DP15	unconfirmed	False
aasarchitecture.com	no cookie dialog	True	True
hermagroup.com	no cookie dialog	True	True
adnet.cash	no cookie dialog	True	True
camaratenerife.com	DP1	True	True
camaratenerife.com	DP2	False	False
camaratenerife.com	DP3	False	False
camaratenerife.com	DP4	False	False
camaratenerife.com	DP5	False	False
camaratenerife.com	DP6	False	False
camaratenerife.com	DP7	False	False
camaratenerife.com	DP8	False	False
camaratenerife.com	time to reject cookies manually	3.39028929999949	3.39028929999949
camaratenerife.com	number of clicks to reject cookies	0	0
camaratenerife.com	DP10	unconfirmed	True
camaratenerife.com	DP12	unconfirmed	False
camaratenerife.com	DP13	unconfirmed	False
camaratenerife.com	DP14	unconfirmed	False
camaratenerife.com	DP15	unconfirmed	False
gridiron-uniforms.com	DP1	False	False
gridiron-uniforms.com	DP2	False	False
gridiron-uniforms.com	DP3	False	False
gridiron-uniforms.com	DP4	True	True
gridiron-uniforms.com	DP5	True	True
gridiron-uniforms.com	DP6	False	False
gridiron-uniforms.com	DP7	False	False
gridiron-uniforms.com	DP8	False	False
gridiron-uniforms.com	time to reject cookies manually	8.51292739999917	8.51292739999917
gridiron-uniforms.com	number of clicks to reject cookies	2	2
gridiron-uniforms.com	DP10	unconfirmed	True
gridiron-uniforms.com	DP12	unconfirmed	False
gridiron-uniforms.com	DP13	unconfirmed	False
gridiron-uniforms.com	DP14	unconfirmed	False
gridiron-uniforms.com	DP15	unconfirmed	False
nnzljx.com	no cookie dialog	True	True
hbio.de	no cookie dialog	True	True
websyndic.com	no cookie dialog	True	True
adultsdirectory.info	no cookie dialog	True	True
pik-potsdam.de	no cookie dialog	True	True
captive.com	no cookie dialog	True	True
boerenbond.nl	DP1	True	True
boerenbond.nl	DP2	False	False
boerenbond.nl	DP3	False	False
boerenbond.nl	DP4	True	True
boerenbond.nl	DP5	False	False
boerenbond.nl	DP6	False	False
boerenbond.nl	DP7	False	False
boerenbond.nl	DP8	False	False
boerenbond.nl	time to reject cookies manually	1.22830950000025	1.22830950000025
boerenbond.nl	number of clicks to reject cookies	0	0
boerenbond.nl	DP10	unconfirmed	True
boerenbond.nl	DP12	unconfirmed	False
boerenbond.nl	DP13	unconfirmed	False
boerenbond.nl	DP14	unconfirmed	False
boerenbond.nl	DP15	unconfirmed	False
broforcegame.com	no cookie dialog	True	True
kabsis.com.tr	DP1	True	True
kabsis.com.tr	DP2	False	False
kabsis.com.tr	DP3	False	False
kabsis.com.tr	DP4	False	False
kabsis.com.tr	DP5	False	False
kabsis.com.tr	DP6	False	False
kabsis.com.tr	DP7	True	True
kabsis.com.tr	DP8	False	False
kabsis.com.tr	time to reject cookies manually	2.10334729999886	2.10334729999886
kabsis.com.tr	number of clicks to reject cookies	0	0
kabsis.com.tr	DP10	unconfirmed	True
kabsis.com.tr	DP12	unconfirmed	False
kabsis.com.tr	DP13	unconfirmed	False
kabsis.com.tr	DP14	unconfirmed	False
kabsis.com.tr	DP15	unconfirmed	False
weproject.media	no cookie dialog	True	True
livebaltimore.com	no cookie dialog	True	True
documentarystorm.com	no cookie dialog	True	True
bee-keepingequipment.com	no cookie dialog	True	True
gardo.de	no cookie dialog	True	True
ruby.or.jp	no cookie dialog	True	True
taiyakinyc.com	no cookie dialog	True	True
esdlc6.us	no cookie dialog	True	True
tomsshoesuk.org.uk	no cookie dialog	True	True
castlefest.nl	DP1	False	False
castlefest.nl	DP2	True	True
castlefest.nl	DP3	False	False
castlefest.nl	DP4	False	False
castlefest.nl	DP5	False	False
castlefest.nl	DP6	False	False
castlefest.nl	DP7	False	False
castlefest.nl	DP8	False	False
castlefest.nl	time to reject cookies manually	9.37988200000109	9.37988200000109
castlefest.nl	number of clicks to reject cookies	2	2
castlefest.nl	DP10	unconfirmed	True
castlefest.nl	DP12	unconfirmed	False
castlefest.nl	DP13	unconfirmed	False
castlefest.nl	DP14	unconfirmed	False
castlefest.nl	DP15	unconfirmed	True
joyoushealth.com	no cookie dialog	True	True
abstrusegoose.com	no cookie dialog	True	True
torrenttip19.com	no cookie dialog	True	True
longchamp-handbag.us	DP1	False	False
longchamp-handbag.us	DP2	False	False
longchamp-handbag.us	DP3	False	False
longchamp-handbag.us	DP4	True	True
longchamp-handbag.us	DP5	False	False
longchamp-handbag.us	DP6	False	False
longchamp-handbag.us	DP7	False	False
longchamp-handbag.us	DP8	False	False
longchamp-handbag.us	time to reject cookies manually	4.27978170000097	4.27978170000097
longchamp-handbag.us	number of clicks to reject cookies	0	0
longchamp-handbag.us	DP10	unconfirmed	False
longchamp-handbag.us	DP12	unconfirmed	False
longchamp-handbag.us	DP13	unconfirmed	False
longchamp-handbag.us	DP14	unconfirmed	False
longchamp-handbag.us	DP15	unconfirmed	False
modxcloud.com	DP1	False	False
modxcloud.com	DP2	False	False
modxcloud.com	DP3	False	False
modxcloud.com	DP4	False	False
modxcloud.com	DP5	False	False
modxcloud.com	DP6	False	False
modxcloud.com	DP7	False	False
modxcloud.com	DP8	False	False
modxcloud.com	time to reject cookies manually	3.8552148000017	3.8552148000017
modxcloud.com	number of clicks to reject cookies	1	1
modxcloud.com	DP10	unconfirmed	False
modxcloud.com	DP12	unconfirmed	False
modxcloud.com	DP13	unconfirmed	False
modxcloud.com	DP14	unconfirmed	False
modxcloud.com	DP15	unconfirmed	False
saysuncle.com	no cookie dialog	True	True
truepark1.com	no cookie dialog	True	True
mytasker.com	no cookie dialog	True	True
jabber.org	no cookie dialog	True	True
digmo.com	DP1	False	False
digmo.com	DP2	True	True
digmo.com	DP3	False	False
digmo.com	DP4	True	True
digmo.com	DP5	True	True
digmo.com	DP6	True	True
digmo.com	DP7	True	False
digmo.com	DP8	False	False
digmo.com	time to reject cookies manually	7.59476150000046	7.59476150000046
digmo.com	number of clicks to reject cookies	2	2
digmo.com	DP10	unconfirmed	True
digmo.com	DP12	unconfirmed	False
digmo.com	DP13	unconfirmed	False
digmo.com	DP14	unconfirmed	False
digmo.com	DP15	unconfirmed	False
chinapp.com	no cookie dialog	True	True
acheapcanadagooseoutlet.com	no cookie dialog	True	True
invasive.org	no cookie dialog	True	True
louis-vuitton-handbags.org.uk	no cookie dialog	True	True
cloud.edu.tw	no cookie dialog	True	True
carpenteriapasqualin.it	no cookie dialog	True	True
aerostone.ru	no cookie dialog	True	True
darzarzis.com	no cookie dialog	True	True
digixml.com	no cookie dialog	True	True
autowrap.info	no cookie dialog	True	True
reporter-studio.ru	no cookie dialog	True	True
mainstreethost.com	DP1	True	True
mainstreethost.com	DP2	False	False
mainstreethost.com	DP3	False	False
mainstreethost.com	DP4	False	False
mainstreethost.com	DP5	False	False
mainstreethost.com	DP6	False	False
mainstreethost.com	DP7	False	False
mainstreethost.com	DP8	False	False
mainstreethost.com	time to reject cookies manually	1.97289769999952	1.97289769999952
mainstreethost.com	number of clicks to reject cookies	0	0
mainstreethost.com	DP10	unconfirmed	True
mainstreethost.com	DP12	unconfirmed	False
mainstreethost.com	DP13	unconfirmed	False
mainstreethost.com	DP14	unconfirmed	False
mainstreethost.com	DP15	unconfirmed	False
nkpedu1.org	no cookie dialog	True	True
dpamicrophones.com	DP1	True	True
dpamicrophones.com	DP2	False	False
dpamicrophones.com	DP3	False	False
dpamicrophones.com	DP4	False	False
dpamicrophones.com	DP5	False	False
dpamicrophones.com	DP6	False	False
dpamicrophones.com	DP7	False	False
dpamicrophones.com	DP8	False	False
dpamicrophones.com	time to reject cookies manually	2.77581190000092	2.77581190000092
dpamicrophones.com	number of clicks to reject cookies	0	0
dpamicrophones.com	DP10	unconfirmed	True
dpamicrophones.com	DP12	unconfirmed	False
dpamicrophones.com	DP13	unconfirmed	False
dpamicrophones.com	DP14	unconfirmed	False
dpamicrophones.com	DP15	unconfirmed	False
urbanista.de	no cookie dialog	True	True
pokergo.com	DP1	True	True
pokergo.com	DP2	False	False
pokergo.com	DP3	False	False
pokergo.com	DP4	False	False
pokergo.com	DP5	False	False
pokergo.com	DP6	False	False
pokergo.com	DP7	False	False
pokergo.com	DP8	False	False
pokergo.com	time to reject cookies manually	1.61455340000066	1.61455340000066
pokergo.com	number of clicks to reject cookies	0	0
pokergo.com	DP10	unconfirmed	True
pokergo.com	DP12	unconfirmed	False
pokergo.com	DP13	unconfirmed	False
pokergo.com	DP14	unconfirmed	False
pokergo.com	DP15	unconfirmed	False
freshebt.com	no cookie dialog	True	True
capitalstars.com	no cookie dialog	True	True
accu.co.uk	no cookie dialog	True	True
ceracare.us	no cookie dialog	True	True
laurens.nl	no cookie dialog	True	True
epona-gmbh.de	DP1	False	False
epona-gmbh.de	DP2	False	False
epona-gmbh.de	DP3	False	False
epona-gmbh.de	DP4	False	False
epona-gmbh.de	DP5	False	False
epona-gmbh.de	DP6	False	False
epona-gmbh.de	DP7	False	False
epona-gmbh.de	DP8	False	False
epona-gmbh.de	time to reject cookies manually	3.91015069999958	3.91015069999958
epona-gmbh.de	number of clicks to reject cookies	1	1
epona-gmbh.de	DP10	unconfirmed	False
epona-gmbh.de	DP12	unconfirmed	False
epona-gmbh.de	DP13	unconfirmed	False
epona-gmbh.de	DP14	unconfirmed	False
epona-gmbh.de	DP15	unconfirmed	False
nichibei.org	no cookie dialog	True	True
greenerubber.info	no cookie dialog	True	True
ipade.mx	no cookie dialog	True	True
student-charity.com	no cookie dialog	True	True
metaatem.net	no cookie dialog	True	True
kitchenanddesignstudio.com	no cookie dialog	True	True
ambi.cz	no cookie dialog	True	True
itysp.com	DP1	False	False
itysp.com	DP2	False	False
itysp.com	DP3	False	False
itysp.com	DP4	True	True
itysp.com	DP5	False	False
itysp.com	DP6	False	False
itysp.com	DP7	False	False
itysp.com	DP8	False	False
itysp.com	time to reject cookies manually	1.09210660000099	1.09210660000099
itysp.com	number of clicks to reject cookies	0	0
itysp.com	DP10	unconfirmed	True
itysp.com	DP12	unconfirmed	False
itysp.com	DP13	unconfirmed	False
itysp.com	DP14	unconfirmed	False
itysp.com	DP15	unconfirmed	False
matsuyamajo.jp	no cookie dialog	True	True
alipartners.ru	no cookie dialog	True	True
familybelle.com	no cookie dialog	True	True
yesdelft.com	no cookie dialog	True	True
book-onlinenow.net	no cookie dialog	True	True
enea.pl	DP1	False	False
enea.pl	DP2	False	False
enea.pl	DP3	False	False
enea.pl	DP4	False	False
enea.pl	DP5	False	False
enea.pl	DP6	True	True
enea.pl	DP7	False	False
enea.pl	DP8	False	False
enea.pl	time to reject cookies manually	6.17283490000045	6.17283490000045
enea.pl	number of clicks to reject cookies	0	0
enea.pl	DP10	unconfirmed	True
enea.pl	DP12	unconfirmed	False
enea.pl	DP13	unconfirmed	False
enea.pl	DP14	unconfirmed	False
enea.pl	DP15	unconfirmed	False
epsom-sthelier.nhs.uk	DP1	True	True
epsom-sthelier.nhs.uk	DP2	False	False
epsom-sthelier.nhs.uk	DP3	False	False
epsom-sthelier.nhs.uk	DP4	False	False
epsom-sthelier.nhs.uk	DP5	False	False
epsom-sthelier.nhs.uk	DP6	False	False
epsom-sthelier.nhs.uk	DP7	False	False
epsom-sthelier.nhs.uk	DP8	False	False
epsom-sthelier.nhs.uk	time to reject cookies manually	9.02478100000008	9.02478100000008
epsom-sthelier.nhs.uk	number of clicks to reject cookies	0	0
epsom-sthelier.nhs.uk	DP10	unconfirmed	True
epsom-sthelier.nhs.uk	DP12	unconfirmed	False
epsom-sthelier.nhs.uk	DP13	unconfirmed	False
epsom-sthelier.nhs.uk	DP14	unconfirmed	False
epsom-sthelier.nhs.uk	DP15	unconfirmed	False
disability-benefits-help.org	no cookie dialog	True	True
unothegateway.com	no cookie dialog	True	True
mbacklinks.com	no cookie dialog	True	True
telepase.com.ar	no cookie dialog	True	True
hardwareinfo.cn	no cookie dialog	True	True
tutogenial.com	no cookie dialog	True	True
eeca.de	no cookie dialog	True	True
websearch101.com	DP1	False	False
websearch101.com	DP2	False	False
websearch101.com	DP3	False	False
websearch101.com	DP4	False	False
websearch101.com	DP5	True	True
websearch101.com	DP6	False	False
websearch101.com	DP7	False	False
websearch101.com	DP8	False	False
websearch101.com	time to reject cookies manually	18.7431117999986	18.7431117999986
websearch101.com	number of clicks to reject cookies	2	2
websearch101.com	DP10	unconfirmed	True
websearch101.com	DP12	unconfirmed	False
websearch101.com	DP13	unconfirmed	False
websearch101.com	DP14	unconfirmed	False
websearch101.com	DP15	unconfirmed	False
dipity.com	no cookie dialog	True	True
pcu.ac.kr	no cookie dialog	True	True
kreis-pinneberg.de	no cookie dialog	True	True
fill.io	no cookie dialog	True	True
deconovo.com	no cookie dialog	True	True
martinkloud.cz	no cookie dialog	True	True
sohtanaka.com	no cookie dialog	True	True
nashgorodidom.ru	no cookie dialog	True	True
dolphins-pearl-play.com	no cookie dialog	True	True
yhoyquecomemos.com	DP1	False	False
yhoyquecomemos.com	DP2	False	False
yhoyquecomemos.com	DP3	False	False
yhoyquecomemos.com	DP4	True	True
yhoyquecomemos.com	DP5	False	False
yhoyquecomemos.com	DP6	False	False
yhoyquecomemos.com	DP7	False	False
yhoyquecomemos.com	DP8	False	False
yhoyquecomemos.com	time to reject cookies manually	9.5634816999991	9.5634816999991
yhoyquecomemos.com	number of clicks to reject cookies	3	3
yhoyquecomemos.com	DP10	unconfirmed	True
yhoyquecomemos.com	DP12	unconfirmed	False
yhoyquecomemos.com	DP13	unconfirmed	False
yhoyquecomemos.com	DP14	unconfirmed	False
yhoyquecomemos.com	DP15	unconfirmed	False
szrd.gov.cn	no cookie dialog	True	True
irantadbir.com	no cookie dialog	True	True
cpaac.fr	no cookie dialog	True	True
glutendude.com	no cookie dialog	True	True
gatematic.com	no cookie dialog	True	True
yeezy-shoes.ca	no cookie dialog	True	True
eyevio.jp	no cookie dialog	True	True
ravennanotizie.it	DP1	False	False
ravennanotizie.it	DP2	False	False
ravennanotizie.it	DP3	False	False
ravennanotizie.it	DP4	True	True
ravennanotizie.it	DP5	False	False
ravennanotizie.it	DP6	False	False
ravennanotizie.it	DP7	False	False
ravennanotizie.it	DP8	False	False
ravennanotizie.it	time to reject cookies manually	0.81325139999899	0.81325139999899
ravennanotizie.it	number of clicks to reject cookies	0	0
ravennanotizie.it	DP10	unconfirmed	True
ravennanotizie.it	DP12	unconfirmed	False
ravennanotizie.it	DP13	unconfirmed	False
ravennanotizie.it	DP14	unconfirmed	False
ravennanotizie.it	DP15	unconfirmed	False
diveintocode.jp	no cookie dialog	True	True
bbva.com	DP1	False	False
bbva.com	DP2	True	True
bbva.com	DP3	True	True
bbva.com	DP4	False	False
bbva.com	DP5	True	True
bbva.com	DP6	False	False
bbva.com	DP7	False	False
bbva.com	DP8	False	False
bbva.com	time to reject cookies manually	6.73199169999862	6.73199169999862
bbva.com	number of clicks to reject cookies	2	2
bbva.com	DP10	unconfirmed	True
bbva.com	DP12	unconfirmed	False
bbva.com	DP13	unconfirmed	False
bbva.com	DP14	unconfirmed	False
bbva.com	DP15	unconfirmed	False
j.gs	DP1	False	False
j.gs	DP2	False	False
j.gs	DP3	False	False
j.gs	DP4	False	False
j.gs	DP5	False	False
j.gs	DP6	False	False
j.gs	DP7	False	False
j.gs	DP8	False	False
j.gs	time to reject cookies manually	0.831074000001536	0.831074000001536
j.gs	number of clicks to reject cookies	0	0
j.gs	DP10	unconfirmed	True
j.gs	DP12	unconfirmed	False
j.gs	DP13	unconfirmed	False
j.gs	DP14	unconfirmed	False
j.gs	DP15	unconfirmed	False
rockywoods.com	no cookie dialog	True	True
ica.net	no cookie dialog	True	True
stariptv.pk	no cookie dialog	True	True
99cankao.com	no cookie dialog	True	True
grupsosyal.com	no cookie dialog	True	True
bizarro.com	DP1	True	True
bizarro.com	DP2	False	False
bizarro.com	DP3	False	False
bizarro.com	DP4	False	False
bizarro.com	DP5	False	False
bizarro.com	DP6	False	False
bizarro.com	DP7	False	False
bizarro.com	DP8	False	False
bizarro.com	time to reject cookies manually	2.13703810000152	2.13703810000152
bizarro.com	number of clicks to reject cookies	0	0
bizarro.com	DP10	unconfirmed	True
bizarro.com	DP12	unconfirmed	False
bizarro.com	DP13	unconfirmed	False
bizarro.com	DP14	unconfirmed	False
bizarro.com	DP15	unconfirmed	False
underworldly.com	no cookie dialog	True	True
mt4proxy.com	DP1	True	True
mt4proxy.com	DP2	False	False
mt4proxy.com	DP3	False	False
mt4proxy.com	DP4	False	False
mt4proxy.com	DP5	False	False
mt4proxy.com	DP6	False	False
mt4proxy.com	DP7	False	False
mt4proxy.com	DP8	False	False
mt4proxy.com	time to reject cookies manually	2.34941659999822	2.34941659999822
mt4proxy.com	number of clicks to reject cookies	0	0
mt4proxy.com	DP10	unconfirmed	True
mt4proxy.com	DP12	unconfirmed	False
mt4proxy.com	DP13	unconfirmed	False
mt4proxy.com	DP14	unconfirmed	False
mt4proxy.com	DP15	unconfirmed	False
daryasport.com	no cookie dialog	True	True
jullbet.com	no cookie dialog	True	True
factslides.com	no cookie dialog	True	True
greenmountaincoffee.com	no cookie dialog	True	True
pbverify.com	no cookie dialog	True	True
read2read.net	no cookie dialog	True	True
westernpower.com.au	no cookie dialog	True	True
badmintoncn.com	no cookie dialog	True	True
kenon.com.cn	no cookie dialog	True	True
alcogol.su	no cookie dialog	True	True
icef.com	DP1	False	False
icef.com	DP2	True	True
icef.com	DP3	False	False
icef.com	DP4	False	False
icef.com	DP5	True	True
icef.com	DP6	False	False
icef.com	DP7	False	False
icef.com	DP8	False	False
icef.com	time to reject cookies manually	23.5010331000012	23.5010331000012
icef.com	number of clicks to reject cookies	7	7
icef.com	DP10	unconfirmed	True
icef.com	DP12	unconfirmed	False
icef.com	DP13	unconfirmed	False
icef.com	DP14	unconfirmed	False
icef.com	DP15	unconfirmed	False
uponor.fi	no cookie dialog	True	True
cinemasie.com	no cookie dialog	True	True
rynek-lotniczy.pl	DP1	False	False
rynek-lotniczy.pl	DP2	True	True
rynek-lotniczy.pl	DP3	True	True
rynek-lotniczy.pl	DP4	True	True
rynek-lotniczy.pl	DP5	True	True
rynek-lotniczy.pl	DP6	False	False
rynek-lotniczy.pl	DP7	False	False
rynek-lotniczy.pl	DP8	False	False
rynek-lotniczy.pl	time to reject cookies manually	15.9397188000003	15.9397188000003
rynek-lotniczy.pl	number of clicks to reject cookies	11	11
rynek-lotniczy.pl	DP10	unconfirmed	True
rynek-lotniczy.pl	DP12	unconfirmed	False
rynek-lotniczy.pl	DP13	unconfirmed	False
rynek-lotniczy.pl	DP14	unconfirmed	False
rynek-lotniczy.pl	DP15	unconfirmed	False
wshein.com	no cookie dialog	True	True
kentfaith.com	no cookie dialog	True	True
uylab.org	no cookie dialog	True	True
romefloyd.com	no cookie dialog	True	True
duffmart.com	DP1	True	True
duffmart.com	DP2	False	False
duffmart.com	DP3	False	False
duffmart.com	DP4	True	True
duffmart.com	DP5	False	False
duffmart.com	DP6	False	False
duffmart.com	DP7	False	False
duffmart.com	DP8	False	False
duffmart.com	time to reject cookies manually	13.8372549999986	13.8372549999986
duffmart.com	number of clicks to reject cookies	3	3
duffmart.com	DP10	unconfirmed	True
duffmart.com	DP12	unconfirmed	False
duffmart.com	DP13	unconfirmed	False
duffmart.com	DP14	unconfirmed	False
duffmart.com	DP15	unconfirmed	False
bottlekeeper.com	no cookie dialog	True	True
oxyhealth.com	no cookie dialog	True	True
smooththemes.com	no cookie dialog	True	True
goniyo.com	no cookie dialog	True	True
aduna.com	DP1	True	True
aduna.com	DP2	False	False
aduna.com	DP3	False	False
aduna.com	DP4	False	False
aduna.com	DP5	False	False
aduna.com	DP6	False	False
aduna.com	DP7	False	False
aduna.com	DP8	False	False
aduna.com	time to reject cookies manually	5.22456120000061	5.22456120000061
aduna.com	number of clicks to reject cookies	0	0
aduna.com	DP10	unconfirmed	True
aduna.com	DP12	unconfirmed	False
aduna.com	DP13	unconfirmed	False
aduna.com	DP14	unconfirmed	False
aduna.com	DP15	unconfirmed	False
lealestransportes.com.br	no cookie dialog	True	True
laprogressive.com	no cookie dialog	True	True
fohguild.org	DP1	False	False
fohguild.org	DP2	False	False
fohguild.org	DP3	False	False
fohguild.org	DP4	False	False
fohguild.org	DP5	False	False
fohguild.org	DP6	False	False
fohguild.org	DP7	True	True
fohguild.org	DP8	False	False
fohguild.org	time to reject cookies manually	0.70904420000079	0.70904420000079
fohguild.org	number of clicks to reject cookies	0	0
fohguild.org	DP10	unconfirmed	True
fohguild.org	DP12	unconfirmed	False
fohguild.org	DP13	unconfirmed	False
fohguild.org	DP14	unconfirmed	False
fohguild.org	DP15	unconfirmed	False
jofem.org	DP1	True	True
jofem.org	DP2	False	False
jofem.org	DP3	False	False
jofem.org	DP4	False	False
jofem.org	DP5	False	False
jofem.org	DP6	False	False
jofem.org	DP7	False	False
jofem.org	DP8	False	False
jofem.org	time to reject cookies manually	0.922155699998257	0.922155699998257
jofem.org	number of clicks to reject cookies	0	0
jofem.org	DP10	unconfirmed	True
jofem.org	DP12	unconfirmed	False
jofem.org	DP13	unconfirmed	False
jofem.org	DP14	unconfirmed	False
jofem.org	DP15	unconfirmed	False
petanquethai.com	no cookie dialog	True	True
sexgayjapan.com	no cookie dialog	True	True
tinytrk.com	DP1	False	False
tinytrk.com	DP2	True	True
tinytrk.com	DP3	True	True
tinytrk.com	DP4	False	False
tinytrk.com	DP5	True	True
tinytrk.com	DP6	False	False
tinytrk.com	DP7	False	False
tinytrk.com	DP8	False	False
tinytrk.com	time to reject cookies manually	10.326877200001	10.326877200001
tinytrk.com	number of clicks to reject cookies	3	3
tinytrk.com	DP10	unconfirmed	True
tinytrk.com	DP12	unconfirmed	False
tinytrk.com	DP13	unconfirmed	False
tinytrk.com	DP14	unconfirmed	False
tinytrk.com	DP15	unconfirmed	False
killinghope.org	no cookie dialog	True	True
ourdailycraft.com	no cookie dialog	True	True
driving.co.uk	DP1	False	False
driving.co.uk	DP2	False	False
driving.co.uk	DP3	True	True
driving.co.uk	DP4	False	False
driving.co.uk	DP5	True	True
driving.co.uk	DP6	False	False
driving.co.uk	DP7	False	False
driving.co.uk	DP8	False	False
driving.co.uk	time to reject cookies manually	6.99567879999813	6.99567879999813
driving.co.uk	number of clicks to reject cookies	2	2
driving.co.uk	DP10	unconfirmed	True
driving.co.uk	DP12	unconfirmed	False
driving.co.uk	DP13	unconfirmed	False
driving.co.uk	DP14	unconfirmed	False
driving.co.uk	DP15	unconfirmed	False
timetric.com	no cookie dialog	True	True
wmf.com	DP1	False	False
wmf.com	DP2	False	False
wmf.com	DP3	True	True
wmf.com	DP4	False	False
wmf.com	DP5	True	True
wmf.com	DP6	False	False
wmf.com	DP7	True	True
wmf.com	DP8	False	False
wmf.com	time to reject cookies manually	4.75969740000073	4.75969740000073
wmf.com	number of clicks to reject cookies	1	1
wmf.com	DP10	unconfirmed	False
wmf.com	DP12	unconfirmed	False
wmf.com	DP13	unconfirmed	False
wmf.com	DP14	unconfirmed	False
wmf.com	DP15	unconfirmed	False
elvanto.com.au	no cookie dialog	True	True
christmascity.org	no cookie dialog	True	True
pizbuin.com	no cookie dialog	True	True
awejmp.com	DP1	False	False
awejmp.com	DP2	False	False
awejmp.com	DP3	False	False
awejmp.com	DP4	True	True
awejmp.com	DP5	False	False
awejmp.com	DP6	False	False
awejmp.com	DP7	False	False
awejmp.com	DP8	False	False
awejmp.com	time to reject cookies manually	7.98713459999999	7.98713459999999
awejmp.com	number of clicks to reject cookies	2	2
awejmp.com	DP10	unconfirmed	True
awejmp.com	DP12	unconfirmed	False
awejmp.com	DP13	unconfirmed	False
awejmp.com	DP14	unconfirmed	False
awejmp.com	DP15	unconfirmed	False
animate.tv	no cookie dialog	True	True
webshark.pl	no cookie dialog	True	True
allrusamateurs.com	no cookie dialog	True	True
magazineluiza.com.br	DP1	True	True
magazineluiza.com.br	DP2	False	False
magazineluiza.com.br	DP3	False	False
magazineluiza.com.br	DP4	True	True
magazineluiza.com.br	DP5	False	False
magazineluiza.com.br	DP6	False	False
magazineluiza.com.br	DP7	False	False
magazineluiza.com.br	DP8	False	False
magazineluiza.com.br	time to reject cookies manually	1.63484199999948	1.63484199999948
magazineluiza.com.br	number of clicks to reject cookies	0	0
magazineluiza.com.br	DP10	unconfirmed	True
magazineluiza.com.br	DP12	unconfirmed	False
magazineluiza.com.br	DP13	unconfirmed	False
magazineluiza.com.br	DP14	unconfirmed	False
magazineluiza.com.br	DP15	unconfirmed	False
levi.jp	no cookie dialog	True	True
smk.nl	no cookie dialog	True	True
anywayanyday.com	DP1	False	False
anywayanyday.com	DP2	False	False
anywayanyday.com	DP3	False	False
anywayanyday.com	DP4	True	True
anywayanyday.com	DP5	False	False
anywayanyday.com	DP6	True	True
anywayanyday.com	DP7	False	False
anywayanyday.com	DP8	False	False
anywayanyday.com	time to reject cookies manually	1.68194989999756	1.68194989999756
anywayanyday.com	number of clicks to reject cookies	0	0
anywayanyday.com	DP10	unconfirmed	True
anywayanyday.com	DP12	unconfirmed	False
anywayanyday.com	DP13	unconfirmed	False
anywayanyday.com	DP14	unconfirmed	False
anywayanyday.com	DP15	unconfirmed	False
philips.com.ar	no cookie dialog	True	True
adk2.com	no cookie dialog	True	True
matometa-antenna.com	no cookie dialog	True	True
constitucioncolombia.com	no cookie dialog	True	True
unopar.br	no cookie dialog	True	True
sharebarta.com	no cookie dialog	True	True
jrsmw.com	no cookie dialog	True	True
menicon.co.jp	no cookie dialog	True	True
visitguam.org	no cookie dialog	True	True
weldwheels.com	no cookie dialog	True	True
lugbz.org	DP1	False	False
lugbz.org	DP2	False	False
lugbz.org	DP3	False	False
lugbz.org	DP4	True	True
lugbz.org	DP5	False	False
lugbz.org	DP6	False	False
lugbz.org	DP7	False	False
lugbz.org	DP8	False	False
lugbz.org	time to reject cookies manually	5.39262350000354	5.39262350000354
lugbz.org	number of clicks to reject cookies	1	1
lugbz.org	DP10	unconfirmed	False
lugbz.org	DP12	unconfirmed	False
lugbz.org	DP13	unconfirmed	False
lugbz.org	DP14	unconfirmed	False
lugbz.org	DP15	unconfirmed	False
togothermany.cn	no cookie dialog	True	True
gettoby.com	no cookie dialog	True	True
techbigs.com	DP1	True	True
techbigs.com	DP2	False	False
techbigs.com	DP3	False	False
techbigs.com	DP4	False	False
techbigs.com	DP5	False	False
techbigs.com	DP6	False	False
techbigs.com	DP7	False	False
techbigs.com	DP8	False	False
techbigs.com	time to reject cookies manually	0.946473299998615	0.946473299998615
techbigs.com	number of clicks to reject cookies	0	0
techbigs.com	DP10	unconfirmed	True
techbigs.com	DP12	unconfirmed	False
techbigs.com	DP13	unconfirmed	False
techbigs.com	DP14	unconfirmed	False
techbigs.com	DP15	unconfirmed	False
perpustakaan.id	no cookie dialog	True	True
xyekkino.ru	no cookie dialog	True	True
apotekatia.ba	no cookie dialog	True	True
rudrastyh.com	no cookie dialog	True	True
rachelsimmons.com	no cookie dialog	True	True
trackimei.net	no cookie dialog	True	True
wheyproteinpowder.org	no cookie dialog	True	True
pine9holsters.com	no cookie dialog	True	True
doyoureadme.de	DP1	False	False
doyoureadme.de	DP2	False	False
doyoureadme.de	DP3	False	False
doyoureadme.de	DP4	False	False
doyoureadme.de	DP5	False	False
doyoureadme.de	DP6	False	False
doyoureadme.de	DP7	True	True
doyoureadme.de	DP8	False	False
doyoureadme.de	time to reject cookies manually	4.21936840000126	4.21936840000126
doyoureadme.de	number of clicks to reject cookies	0	0
doyoureadme.de	DP10	unconfirmed	True
doyoureadme.de	DP12	unconfirmed	False
doyoureadme.de	DP13	unconfirmed	False
doyoureadme.de	DP14	unconfirmed	False
doyoureadme.de	DP15	unconfirmed	False
pdfbookslibs.com	no cookie dialog	True	True
arthritis.ca	no cookie dialog	True	True
altcointrading.net	DP1	False	False
altcointrading.net	DP2	True	True
altcointrading.net	DP3	True	True
altcointrading.net	DP4	True	True
altcointrading.net	DP5	True	True
altcointrading.net	DP6	False	False
altcointrading.net	DP7	False	False
altcointrading.net	DP8	False	False
altcointrading.net	time to reject cookies manually	4.85762880000038	4.85762880000038
altcointrading.net	number of clicks to reject cookies	2	2
altcointrading.net	DP10	unconfirmed	True
altcointrading.net	DP12	unconfirmed	False
altcointrading.net	DP13	unconfirmed	False
altcointrading.net	DP14	unconfirmed	False
altcointrading.net	DP15	unconfirmed	False
otohay.vn	no cookie dialog	True	True
telegraphnepal.com	no cookie dialog	True	True
wastereduction.gov.hk	no cookie dialog	True	True
luminati-china.io	DP1	True	True
luminati-china.io	DP2	False	False
luminati-china.io	DP3	False	False
luminati-china.io	DP4	True	True
luminati-china.io	DP5	False	False
luminati-china.io	DP6	False	False
luminati-china.io	DP7	False	False
luminati-china.io	DP8	False	False
luminati-china.io	time to reject cookies manually	2.93097690000286	2.93097690000286
luminati-china.io	number of clicks to reject cookies	0	0
luminati-china.io	DP10	unconfirmed	True
luminati-china.io	DP12	unconfirmed	False
luminati-china.io	DP13	unconfirmed	False
luminati-china.io	DP14	unconfirmed	False
luminati-china.io	DP15	unconfirmed	False
hermes-ltd.com	no cookie dialog	True	True
woke.id	no cookie dialog	True	True
queaprendemoshoy.com	no cookie dialog	True	True
berridgephoto.com	no cookie dialog	True	True
tomozaki-koushiki.com	no cookie dialog	True	True
tsoftapps.com	no cookie dialog	True	True
world-market-link.com	no cookie dialog	True	True
drevtorg.club	no cookie dialog	True	True
apassion4jazz.net	DP1	True	True
apassion4jazz.net	DP2	False	False
apassion4jazz.net	DP3	False	False
apassion4jazz.net	DP4	True	True
apassion4jazz.net	DP5	False	False
apassion4jazz.net	DP6	False	False
apassion4jazz.net	DP7	False	False
apassion4jazz.net	DP8	False	False
apassion4jazz.net	time to reject cookies manually	2.35821309999665	2.35821309999665
apassion4jazz.net	number of clicks to reject cookies	0	0
apassion4jazz.net	DP10	unconfirmed	True
apassion4jazz.net	DP12	unconfirmed	False
apassion4jazz.net	DP13	unconfirmed	False
apassion4jazz.net	DP14	unconfirmed	False
apassion4jazz.net	DP15	unconfirmed	False
gensdeconfiance.com	DP1	False	False
gensdeconfiance.com	DP2	False	False
gensdeconfiance.com	DP3	False	False
gensdeconfiance.com	DP4	True	True
gensdeconfiance.com	DP5	False	False
gensdeconfiance.com	DP6	False	False
gensdeconfiance.com	DP7	False	False
gensdeconfiance.com	DP8	False	False
gensdeconfiance.com	time to reject cookies manually	9.14903950000007	9.14903950000007
gensdeconfiance.com	number of clicks to reject cookies	2	2
gensdeconfiance.com	DP10	unconfirmed	True
gensdeconfiance.com	DP12	unconfirmed	False
gensdeconfiance.com	DP13	unconfirmed	False
gensdeconfiance.com	DP14	unconfirmed	False
gensdeconfiance.com	DP15	unconfirmed	False
uniquechoiceweb.com	no cookie dialog	True	True
statelyhome.com.hk	no cookie dialog	True	True
goikogrill.com	DP1	False	False
goikogrill.com	DP2	False	False
goikogrill.com	DP3	False	False
goikogrill.com	DP4	True	True
goikogrill.com	DP5	False	False
goikogrill.com	DP6	False	False
goikogrill.com	DP7	True	True
goikogrill.com	DP8	False	False
goikogrill.com	time to reject cookies manually	7.38486349999948	7.38486349999948
goikogrill.com	number of clicks to reject cookies	1	1
goikogrill.com	DP10	unconfirmed	False
goikogrill.com	DP12	unconfirmed	False
goikogrill.com	DP13	unconfirmed	False
goikogrill.com	DP14	unconfirmed	False
goikogrill.com	DP15	unconfirmed	False
jxxdxy.com	no cookie dialog	True	True
beeg24.org	no cookie dialog	True	True
morninglavender.com	DP1	False	False
morninglavender.com	DP2	False	False
morninglavender.com	DP3	False	False
morninglavender.com	DP4	True	True
morninglavender.com	DP5	True	True
morninglavender.com	DP6	False	False
morninglavender.com	DP7	False	False
morninglavender.com	DP8	False	False
morninglavender.com	time to reject cookies manually	11.5312169000026	11.5312169000026
morninglavender.com	number of clicks to reject cookies	7	7
morninglavender.com	DP10	unconfirmed	True
morninglavender.com	DP12	unconfirmed	False
morninglavender.com	DP13	unconfirmed	False
morninglavender.com	DP14	unconfirmed	False
morninglavender.com	DP15	unconfirmed	False
artdeco.community	no cookie dialog	True	True
fransijana.com.sa	no cookie dialog	True	True
jarseducation.com	no cookie dialog	True	True
cima4up.co	no cookie dialog	True	True
venders.co	no cookie dialog	True	True
singular.live	no cookie dialog	True	True
chemins-compostelle.com	no cookie dialog	True	True
coyeb.com	no cookie dialog	True	True
earcandygirl.com	no cookie dialog	True	True
idybee.com	no cookie dialog	True	True
tsindi.org	no cookie dialog	True	True
dealnews.com	DP1	False	False
dealnews.com	DP2	True	True
dealnews.com	DP3	True	True
dealnews.com	DP4	True	True
dealnews.com	DP5	True	True
dealnews.com	DP6	False	False
dealnews.com	DP7	True	True
dealnews.com	DP8	False	False
dealnews.com	time to reject cookies manually	13.4370027000004	13.4370027000004
dealnews.com	number of clicks to reject cookies	2	2
dealnews.com	DP10	unconfirmed	True
dealnews.com	DP12	unconfirmed	False
dealnews.com	DP13	unconfirmed	False
dealnews.com	DP14	unconfirmed	False
dealnews.com	DP15	unconfirmed	False
stevenshofvitaal.nl	no cookie dialog	True	True
etrafficboss.com	no cookie dialog	True	True
tradersshop.com	no cookie dialog	True	True
ubuy.hk	no cookie dialog	True	True
aedes.com	no cookie dialog	True	True
barelist.com	no cookie dialog	True	True
omusubi-pet.com	no cookie dialog	True	True
wowcasual.info	no cookie dialog	True	True
esidoc.fr	no cookie dialog	True	True
simplifiedcoding.net	no cookie dialog	True	True
a-kamen.com	no cookie dialog	True	True
qzcdbz.com	no cookie dialog	True	True
agribankemobilebanking.vn	no cookie dialog	True	True
urlconnected.com	no cookie dialog	True	True
latet.org.il	no cookie dialog	True	True
ipsos.com	DP1	False	False
ipsos.com	DP2	False	False
ipsos.com	DP3	False	False
ipsos.com	DP4	True	True
ipsos.com	DP5	True	True
ipsos.com	DP6	False	False
ipsos.com	DP7	False	False
ipsos.com	DP8	False	False
ipsos.com	time to reject cookies manually	6.58015629999863	6.58015629999863
ipsos.com	number of clicks to reject cookies	2	2
ipsos.com	DP10	unconfirmed	True
ipsos.com	DP12	unconfirmed	False
ipsos.com	DP13	unconfirmed	False
ipsos.com	DP14	unconfirmed	False
ipsos.com	DP15	unconfirmed	False
lawnow.org	no cookie dialog	True	True
egeda.es	DP1	False	False
egeda.es	DP2	False	False
egeda.es	DP3	False	False
egeda.es	DP4	True	True
egeda.es	DP5	False	False
egeda.es	DP6	False	False
egeda.es	DP7	False	False
egeda.es	DP8	False	False
egeda.es	time to reject cookies manually	2.62088669999866	2.62088669999866
egeda.es	number of clicks to reject cookies	0	0
egeda.es	DP10	unconfirmed	True
egeda.es	DP12	unconfirmed	False
egeda.es	DP13	unconfirmed	False
egeda.es	DP14	unconfirmed	False
egeda.es	DP15	unconfirmed	False
labonie.com	no cookie dialog	True	True
panturapost.com	no cookie dialog	True	True
javbus.in	no cookie dialog	True	True
zero7.co.uk	DP1	False	False
zero7.co.uk	DP2	False	False
zero7.co.uk	DP3	False	False
zero7.co.uk	DP4	False	False
zero7.co.uk	DP5	False	False
zero7.co.uk	DP6	False	False
zero7.co.uk	DP7	False	False
zero7.co.uk	DP8	False	False
zero7.co.uk	time to reject cookies manually	7.58787540000048	7.58787540000048
zero7.co.uk	number of clicks to reject cookies	0	0
zero7.co.uk	DP10	unconfirmed	True
zero7.co.uk	DP12	unconfirmed	False
zero7.co.uk	DP13	unconfirmed	False
zero7.co.uk	DP14	unconfirmed	False
zero7.co.uk	DP15	unconfirmed	False
astroglide.com	DP1	False	False
astroglide.com	DP2	False	False
astroglide.com	DP3	True	True
astroglide.com	DP4	True	True
astroglide.com	DP5	True	True
astroglide.com	DP6	True	True
astroglide.com	DP7	False	False
astroglide.com	DP8	False	False
astroglide.com	time to reject cookies manually	4.96684830000231	4.96684830000231
astroglide.com	number of clicks to reject cookies	1	1
astroglide.com	DP10	unconfirmed	False
astroglide.com	DP12	unconfirmed	False
astroglide.com	DP13	unconfirmed	False
astroglide.com	DP14	unconfirmed	False
astroglide.com	DP15	unconfirmed	False
downtheshore.org	no cookie dialog	True	True
acamhaiti-edu.com	no cookie dialog	True	True
savoredjourneys.com	no cookie dialog	True	True
hertz.com	DP1	False	False
hertz.com	DP2	False	False
hertz.com	DP3	False	False
hertz.com	DP4	True	True
hertz.com	DP5	False	False
hertz.com	DP6	False	False
hertz.com	DP7	False	False
hertz.com	DP8	False	False
hertz.com	time to reject cookies manually	5.9971078	5.9971078
hertz.com	number of clicks to reject cookies	1	1
hertz.com	DP10	unconfirmed	True
hertz.com	DP12	unconfirmed	False
hertz.com	DP13	unconfirmed	False
hertz.com	DP14	unconfirmed	False
hertz.com	DP15	unconfirmed	False
pif.org.in	DP1	False	False
pif.org.in	DP2	False	False
pif.org.in	DP3	False	False
pif.org.in	DP4	True	True
pif.org.in	DP5	False	False
pif.org.in	DP6	False	False
pif.org.in	DP7	False	False
pif.org.in	DP8	False	False
pif.org.in	time to reject cookies manually	11.3124115	11.3124115
pif.org.in	number of clicks to reject cookies	1	1
pif.org.in	DP10	unconfirmed	False
pif.org.in	DP12	unconfirmed	False
pif.org.in	DP13	unconfirmed	False
pif.org.in	DP14	unconfirmed	False
pif.org.in	DP15	unconfirmed	False
kaffee-partner.de	DP1	False	False
kaffee-partner.de	DP2	False	True
kaffee-partner.de	DP3	True	True
kaffee-partner.de	DP4	False	False
kaffee-partner.de	DP5	False	False
kaffee-partner.de	DP6	False	False
kaffee-partner.de	DP7	False	False
kaffee-partner.de	DP8	False	False
kaffee-partner.de	time to reject cookies manually	4.7357739	4.7357739
kaffee-partner.de	number of clicks to reject cookies	1	1
kaffee-partner.de	DP10	unconfirmed	True
kaffee-partner.de	DP12	unconfirmed	False
kaffee-partner.de	DP13	unconfirmed	False
kaffee-partner.de	DP14	unconfirmed	False
kaffee-partner.de	DP15	unconfirmed	False
ezgardentips.com	DP1	False	False
ezgardentips.com	DP2	False	True
ezgardentips.com	DP3	True	True
ezgardentips.com	DP4	False	False
ezgardentips.com	DP5	False	False
ezgardentips.com	DP6	False	False
ezgardentips.com	DP7	False	True
ezgardentips.com	DP8	False	False
ezgardentips.com	time to reject cookies manually	12.6739586	12.6739586
ezgardentips.com	number of clicks to reject cookies	11	11
ezgardentips.com	DP10	unconfirmed	True
ezgardentips.com	DP12	unconfirmed	True
ezgardentips.com	DP13	unconfirmed	False
ezgardentips.com	DP14	unconfirmed	False
ezgardentips.com	DP15	unconfirmed	False
altcointrading.net	DP11	True	True
astroglide.com	DP11	True	True
bitcentral.com	DP11	True	True
dailycivil.com	DP11	True	True
dealnews.com	DP11	True	True
duffmart.com	DP11	True	True
epona-gmbh.de	DP11	True	True
everydaydiabeticrecipes.com	DP11	True	True
ezgardentips.com	DP11	True	True
millbrook.co.uk	DP9	True	True
millbrook.co.uk	DP11	True	True
morninglavender.com	DP11	True	True
net-a-porter.com	DP11	True	True
rbx.gg	DP11	True	True
rynek-lotniczy.pl	DP11	True	True
selligent.com	DP11	True	True
tempstar.com	DP11	True	True
theiphoneblog.com	DP11	True	True
tinytrk.com	DP11	True	True
virginradio.fr	DP11	True	True
yhoyquecomemos.com	DP11	True	True
zszywka.pl	DP11	True	True
